[
  {
    "title": "مبانی بلاکچین",
    "description": "ارائه کلی از مبانی بلاکچین",
    "presenter": "محمد متین غیاثوند",
    "price": "رایگان",
    "time": "۱۴۰۳/۱۲/۰۴ ۱۳:۰۰ - ۱۶:۰۰",
    "level": 2,
    "moreDetails": "برای درک بلاک چین، ابتدا باید بدانیم پول از کجا آمده و چرا دیجیتالی شد؟ در این بخش، از تاریخچه پول تا نیاز به سیستم‌های بانکی و سپس دلایل کنار گذاشتن آن‌ها را بررسی می‌کنیم. با وایت‌پیپر بیتکوین آشنا می‌شویم و می‌بینیم که این فناوری چگونه کار می‌کند و چه فلسفه‌ای دارد. سپس به الگوریتم‌های اجماع می‌پردازیم تا بفهمیم بلاک چین چگونه امنیت و شفافیت را بدون نیاز به اعتماد به یک نهاد مرکزی فراهم می‌کند. در ادامه، با اتریوم و تفاوت‌های آن با بیت کوین آشنا می‌شویم و به مفهوم قراردادهای هوشمند می‌رسیم—برنامه‌هایی که روی بلاکچین اجرا می‌شوند و دنیای دیجیتال، مالی و غیرمتمرکز را متحول کرد.",
    "link": "https://evand.com/events/emit-intro-to-blockchain"
  },
  {
    "title": "'گس فی' موفقیت: هش کردن ایده‌ها برای پیشرفت شغلی",
    "description": "در بلاکچین، 'گس فی' سوخت تراکنش‌هاست؛ در دنیای کار، مهارت‌های نرم سوخت موفقیت‌اند. ترکیب این دو، کلید پیشرفت است.",
    "presenter": "حمیدرضا شندآبادی",
    "price": "رایگان",
    "time": "۱۴۰۳/۱۲/۰۷ ۱۶:۰۰ - ۱۹:۰۰",
    "level": 2,
    "moreDetails": "در بلاکچین، 'گس فی' هزینه‌ای ضروری برای اجرای تراکنش‌هاست. در دنیای فناوری نیز، مهارت‌های نرم مانند ارتباط موثر، هوش هیجانی و کار تیمی، سرمایه‌ای حیاتی برای رشد و موفقیت شغلی هستند. این ارائه نشان می‌دهد که چگونه 'هش کردن' ایده‌ها از طریق ارتباط شفاف شما را در محیط کاری رقابتی متمایز می‌کند و چرا مهارت‌های فنی به تنهایی کافی نیستند.",
    "link": "https://evand.com/events/emit-gas-fees-for-greatness"
  },
  {
    "title": "کاربردهای واقعی بلاکچین",
    "description": "Beyond the Hype: Real-World Blockchain Applications",
    "presenter": "چمران معینی",
    "price": "رایگان",
    "time": "۱۴۰۳/۱۲/۰۶ ۱۰:۰۰ - ۱۲:۰۰",
    "level": 2,
    "moreDetails": "ویژگی‌های متمایز بلاکچین - Decentralized و trustless مزایای بلاکچین: ۱. اطمینان ۲. پیشگیری از کاغذبازی ۳. بازارآزادطور ۴. کاهش معضلات اقتصادی از قبیل انحصارطلبی ۵. شفافیت ۶. امنیت مثال‌های واقعی از کاربرد بلاکچین: ۱. مقایسه با بانک: انتقال پول، گرفتن وام ۲. مقایسه با بورس: فروش سهم از شرکت (برای سهام‌داران شرکت)، سرمایه‌گذاری روی شرکت‌ها (برای سرمایه‌گذارها و مردم معمولی) ۳. مقایسه با سایت‌های سرگرمی و شرطبندیِ نامطمئن ۴. مقایسه‌ی بازار NFT با سختی‌های کسب درآمد از هنر ۵. مقایسه با سیستم رای‌گیری سنتی بررسی استدلال‌های مرسوم در انتقاد به کاراییِ بلاکچین: ۱. کارایی سیستم‌های سنتی (اشاره به مقایسه‌های بخش ۳) ۲. پیچیدگی بالای بلاکچین ۳. مصرف بالای انرژی ۴. کند بودنِ پذیرش توسط مردم و سیستم‌های فعلی ۵. پیش‌بینی کاربرهای جدیدِ بلاکچین در آینده ۶. جمع‌بندی",
    "link": "https://evand.com/events/emit-beyond-the-hype"
  },
  {
    "title": "ماشین مجازی بیت",
    "description": "درباره ماشین مجازی بیت یاد میگیریم",
    "presenter": "حمید باطنی",
    "price": "رایگان",
    "time": "۱۴۰۳/۱۲/۰۵ ۱۳:۰۰ - ۱۶:۰۰",
    "level": 3,
    "moreDetails": "BitVM یک نوآوری در حوزه بلاکچین است که امکان اجرای قراردادهای هوشمند پیچیده را بر روی شبکه بیت‌کوین فراهم می‌کند. این فناوری با بهره‌گیری از ویژگی‌های غیرمتمرکز و بدون نیاز به اعتماد بلاکچین، به توسعه‌دهندگان اجازه می‌دهد تا برنامه‌های غیرمتمرکز (DApps) را با امنیت و شفافیت بالا ایجاد کنند.",
    "link": "https://evand.com/events/emit-bitvm"
  },
  {
    "title": "Proof of Stake",
    "description": "درباره مکانیزم اجماع جمعی اثبات سهام میاموزیم",
    "presenter": "کیوان کامبخش",
    "price": "رایگان",
    "time": "۱۴۰۳/۱۲/۰۵ ۱۶:۰۰ - ۱۹:۰۰",
    "level": 3,
    "moreDetails": "در این ارائه، به مفهوم اثبات سهام یا Proof of Stake پرداخته خواهد شد. اثبات سهام یک الگوریتم اجماع است که به‌جای استفاده از پردازش‌های پیچیده محاسباتی، به گره‌های شبکه اجازه می‌دهد که برای تایید تراکنش‌ها سهام خود را در سیستم قرار دهند.",
    "link": "https://evand.com/events/emit-proof-of-stake"
  },
  {
    "title": "استارتاپ در بلاکچین",
    "description": "درباره تجربه و موقعیت های استارتاپی در حوزه وب ۳ می آموزیم",
    "presenter": "سروش رضایی",
    "price": "رایگان",
    "time": "۱۴۰۳/۱۲/۰۶ ۱۳:۰۰ - ۱۶:۰۰",
    "level": 2,
    "moreDetails": "وب ۳ دنیای جدیدی را برای استارتاپ‌ها به‌وجود آورده است. در این ارائه به معرفی فرصت‌ها و چالش‌هایی پرداخته می‌شود که استارتاپ‌ها در دنیای بلاکچین با آن مواجه هستند. همچنین نحوه شروع یک استارتاپ در این فضا، نحوه جذب سرمایه و ایجاد مدل‌های کسب‌وکار جدید مورد بررسی قرار می‌گیرد.",
    "link": "https://evand.com/events/emit-blockchain-from-startup-perspective"
  },
  {
    "title": "اثبات دانش صفر",
    "description": "درباره اثبات دانش صفر با مثال عملی مطالعه میکنیم",
    "presenter": "حسین سامعی",
    "price": "رایگان",
    "time": "۱۴۰۳/۱۲/۰۷ ۰۹:۰۰ - ۱۲:۰۰",
    "level": 3,
    "moreDetails": "اثبات دانش صفر یکی از مهم‌ترین تکنولوژی‌های بلاکچین است که به افراد اجازه می‌دهد اطلاعات را بدون افشای جزئیات حساس به اشتراک بگذارند. در این بخش با توضیح مفاهیم پایه‌ای و همچنین مثال‌های عملی در مورد نحوه استفاده از اثبات دانش صفر در دنیای واقعی آشنا خواهیم شد.",
    "link": "https://evand.com/events/emit-intro-to-zero-knowledge-proofs"
  },
  {
    "title": "معرفی فرصت‌های شغلی حوزه بلاکچین",
    "description": "در این رویداد از شغل های بلاکچین آگاه می شویم",
    "presenter": "مهدیه امیری",
    "price": "رایگان",
    "time": "۱۴۰۳/۱۲/۰۷ ۱۳:۰۰ - ۱۶:۰۰",
    "level": 1,
    "moreDetails": "برنامه‌نویسی در حوزه بلاکچین مقایسه ساختار اپلیکیشن‌های Web2 و Web3 توسعه قرارداد هوشمند (Smart Contract) توسعه اپلیکیشن غیرمتمرکز (DApps) توسعه پروتکل‌های بلاکچینی (Core) معرفی بسترهای توسعه قرارداد هوشمند EVM و توسعه روی شبکه‌های مبتنی بر آن (مانند اتریوم) ساختار EVM پیاده‌سازی قرارداد هوشمند روی EVM مروری بر ابزارهای توسعه (Remix، Hardhat، Foundry, Solidity …) معرفی سایر بسترهای توسعه‌ی پرطرفدار سولانا و زبان Rust TON و زبان‌های Func/Tact Aptos و Sui با زبان Move سایر فرصت‌های شغلی و نقشه راه یادگیری بررسی موقعیت‌های شغلی مختلف در حوزه بلاکچین مهارت‌های مورد نیاز برای ورود به بازار کار Web3 نقشه راه یادگیری و شروع به کار معرفی منابع آموزشی مفید",
    "link": "https://evand.com/events/emit-job-opportunities"
  }
]